{
    "models": {
        "denoiser": {
            "name": "TwoConditionedSparseStructureFlowModel",
            "args": {
                "resolution": 16,
                "in_channels": 8,
                "out_channels": 8,
                "model_channels": 1024,
                "cond_channels": 768,
                "num_blocks": 24,
                "num_heads": 16,
                "mlp_ratio": 4,
                "patch_size": 1,
                "pe_mode": "ape",
                "qk_rms_norm": true,
                "use_fp16": true,
                "preprocess_slat_channels": [8, 64, 256]
            }
        }
    },
    "dataset": {
        "name": "SlatTextConditionedSparseStructureLatent",
        "args": {
            "latent_model": "ss_enc_conv3d_16l8_fp16",
            "pretrained_ss_dec": "microsoft/TRELLIS-image-large/ckpts/ss_dec_conv3d_16l8_fp16",
            "cond_normalization": {
                "mean": [
                    -2.1687545776367188,
                    -0.004347046371549368,
                    -0.13352349400520325,
                    -0.08418072760105133,
                    -0.5271206498146057,
                    0.7238689064979553,
                    -1.1414450407028198,
                    1.2039363384246826
                ],
                "std": [
                    2.377650737762451,
                    2.386378288269043,
                    2.124418020248413,
                    2.1748552322387695,
                    2.663944721221924,
                    2.371192216873169,
                    2.6217446327209473,
                    2.684523105621338
                ]
            }
        }
    },
    "trainer": {
        "name": "SlatTextConditionedFlowMatchingCFGTrainer",
        "args": {
            "max_steps": 1000000,
            "batch_size_per_gpu": 8,
            "batch_split": 1,
            "optimizer": {
                "name": "AdamW",
                "args": {
                    "lr": 0.0001,
                    "weight_decay": 0.0
                }
            },
            "ema_rate": [
                0.9999
            ],
            "fp16_mode": "inflat_all",
            "fp16_scale_growth": 0.001,
            "grad_clip": {
                "name": "AdaptiveGradClipper",
                "args": {
                    "max_norm": 1.0,
                    "clip_percentile": 95
                }
            },
            "i_log": 500,
            "i_sample": 10000,
            "enable_snapshots": false,
            "i_save": 10000,
            "num_workers": 16,
            "p_uncond": 0.1,
            "t_schedule": {
                "name": "logitNormal",
                "args": {
                    "mean": 1.0,
                    "std": 1.0
                }
            },
            "sigma_min": 1e-5,
            "text_cond_model": "openai/clip-vit-large-patch14",
            "keep_slat_coords": false,
            "noisy_cond": true
        }
    }
}
